Method,Job,AnalyzeLaunchVariance,EvaluateOverhead,MaxAbsoluteError,MaxRelativeError,MinInvokeCount,MinIterationTime,OutlierMode,Affinity,EnvironmentVariables,Jit,LargeAddressAware,Platform,PowerPlanMode,Runtime,AllowVeryLargeObjects,Concurrent,CpuGroups,Force,HeapAffinitizeMask,HeapCount,NoAffinitize,RetainVm,Server,Arguments,BuildConfiguration,Clock,EngineFactory,Toolchain,IsMutator,InvocationCount,IterationCount,IterationTime,LaunchCount,MaxIterationCount,MaxWarmupIterationCount,MemoryRandomization,MinIterationCount,MinWarmupIterationCount,RunStrategy,UnrollFactor,WarmupCount,Scenario,Mean,Error,StdDev,Ratio,RatioSD,Gen0,Gen1,Allocated,Alloc Ratio
LeanCorpus_Apply,DefaultJob,False,Default,Default,Default,Default,Default,Default,1111,Empty,RyuJit,Default,X64,8c5e7fda-e8bf-4a96-9a85-a6e23a8c635c,.NET 10.0,False,True,False,True,Default,Default,False,False,False,Default,Default,Default,Default,Default,Default,Default,Default,Default,Default,Default,Default,Default,Default,Default,Default,16,Default,decim(...)ating [22],72.49 ns,0.396 ns,0.371 ns,1.00,0.00,0.0057,0.0000,24 B,1.00
LuceneNet_Apply,DefaultJob,False,Default,Default,Default,Default,Default,Default,1111,Empty,RyuJit,Default,X64,8c5e7fda-e8bf-4a96-9a85-a6e23a8c635c,.NET 10.0,False,True,False,True,Default,Default,False,False,False,Default,Default,Default,Default,Default,Default,Default,Default,Default,Default,Default,Default,Default,Default,Default,Default,16,Default,decim(...)ating [22],"1,807.98 ns",7.311 ns,6.105 ns,24.94,0.15,2.3708,0.0000,9912 B,413.00
LeanCorpus_Apply,DefaultJob,False,Default,Default,Default,Default,Default,Default,1111,Empty,RyuJit,Default,X64,8c5e7fda-e8bf-4a96-9a85-a6e23a8c635c,.NET 10.0,False,True,False,True,Default,Default,False,False,False,Default,Default,Default,Default,Default,Default,Default,Default,Default,Default,Default,Default,Default,Default,Default,Default,16,Default,elision-mutating,86.13 ns,0.556 ns,0.520 ns,1.00,0.00,0.0057,0.0000,24 B,1.00
LuceneNet_Apply,DefaultJob,False,Default,Default,Default,Default,Default,Default,1111,Empty,RyuJit,Default,X64,8c5e7fda-e8bf-4a96-9a85-a6e23a8c635c,.NET 10.0,False,True,False,True,Default,Default,False,False,False,Default,Default,Default,Default,Default,Default,Default,Default,Default,Default,Default,Default,Default,Default,Default,Default,16,Default,elision-mutating,"3,476.53 ns",25.634 ns,23.978 ns,40.36,0.36,2.7313,0.0000,11432 B,476.33
LeanCorpus_Apply,DefaultJob,False,Default,Default,Default,Default,Default,Default,1111,Empty,RyuJit,Default,X64,8c5e7fda-e8bf-4a96-9a85-a6e23a8c635c,.NET 10.0,False,True,False,True,Default,Default,False,False,False,Default,Default,Default,Default,Default,Default,Default,Default,Default,Default,Default,Default,Default,Default,Default,Default,16,Default,length-mutating,15.35 ns,0.042 ns,0.039 ns,1.00,0.00,0.0057,0.0000,24 B,1.00
LuceneNet_Apply,DefaultJob,False,Default,Default,Default,Default,Default,Default,1111,Empty,RyuJit,Default,X64,8c5e7fda-e8bf-4a96-9a85-a6e23a8c635c,.NET 10.0,False,True,False,True,Default,Default,False,False,False,Default,Default,Default,Default,Default,Default,Default,Default,Default,Default,Default,Default,Default,Default,Default,Default,16,Default,length-mutating,"2,585.88 ns",16.224 ns,15.176 ns,168.44,1.04,2.4986,0.0000,10448 B,435.33
LeanCorpus_Apply,DefaultJob,False,Default,Default,Default,Default,Default,Default,1111,Empty,RyuJit,Default,X64,8c5e7fda-e8bf-4a96-9a85-a6e23a8c635c,.NET 10.0,False,True,False,True,Default,Default,False,False,False,Default,Default,Default,Default,Default,Default,Default,Default,Default,Default,Default,Default,Default,Default,Default,Default,16,Default,length-noop,15.97 ns,0.108 ns,0.101 ns,1.00,0.00,0.0057,0.0000,24 B,1.00
LuceneNet_Apply,DefaultJob,False,Default,Default,Default,Default,Default,Default,1111,Empty,RyuJit,Default,X64,8c5e7fda-e8bf-4a96-9a85-a6e23a8c635c,.NET 10.0,False,True,False,True,Default,Default,False,False,False,Default,Default,Default,Default,Default,Default,Default,Default,Default,Default,Default,Default,Default,Default,Default,Default,16,Default,length-noop,"2,557.42 ns",7.443 ns,6.962 ns,160.11,1.07,2.4986,0.0000,10448 B,435.33
LeanCorpus_Apply,DefaultJob,False,Default,Default,Default,Default,Default,Default,1111,Empty,RyuJit,Default,X64,8c5e7fda-e8bf-4a96-9a85-a6e23a8c635c,.NET 10.0,False,True,False,True,Default,Default,False,False,False,Default,Default,Default,Default,Default,Default,Default,Default,Default,Default,Default,Default,Default,Default,Default,Default,16,Default,reverse-mutating,42.11 ns,0.248 ns,0.232 ns,1.00,0.00,0.0057,0.0000,24 B,1.00
LuceneNet_Apply,DefaultJob,False,Default,Default,Default,Default,Default,Default,1111,Empty,RyuJit,Default,X64,8c5e7fda-e8bf-4a96-9a85-a6e23a8c635c,.NET 10.0,False,True,False,True,Default,Default,False,False,False,Default,Default,Default,Default,Default,Default,Default,Default,Default,Default,Default,Default,Default,Default,Default,Default,16,Default,reverse-mutating,"1,946.42 ns",6.553 ns,5.472 ns,46.23,0.28,2.3880,0.0000,9984 B,416.00
LeanCorpus_Apply,DefaultJob,False,Default,Default,Default,Default,Default,Default,1111,Empty,RyuJit,Default,X64,8c5e7fda-e8bf-4a96-9a85-a6e23a8c635c,.NET 10.0,False,True,False,True,Default,Default,False,False,False,Default,Default,Default,Default,Default,Default,Default,Default,Default,Default,Default,Default,Default,Default,Default,Default,16,Default,shingle-mutating,621.84 ns,5.775 ns,4.509 ns,1.00,0.00,0.0191,0.0095,120 B,1.00
LuceneNet_Apply,DefaultJob,False,Default,Default,Default,Default,Default,Default,1111,Empty,RyuJit,Default,X64,8c5e7fda-e8bf-4a96-9a85-a6e23a8c635c,.NET 10.0,False,True,False,True,Default,Default,False,False,False,Default,Default,Default,Default,Default,Default,Default,Default,Default,Default,Default,Default,Default,Default,Default,Default,16,Default,shingle-mutating,"12,564.10 ns",75.165 ns,70.309 ns,20.21,0.18,4.7302,0.0000,19816 B,165.13
LeanCorpus_Apply,DefaultJob,False,Default,Default,Default,Default,Default,Default,1111,Empty,RyuJit,Default,X64,8c5e7fda-e8bf-4a96-9a85-a6e23a8c635c,.NET 10.0,False,True,False,True,Default,Default,False,False,False,Default,Default,Default,Default,Default,Default,Default,Default,Default,Default,Default,Default,Default,Default,Default,Default,16,Default,truncate-mutating,13.60 ns,0.043 ns,0.040 ns,1.00,0.00,0.0057,0.0000,24 B,1.00
LuceneNet_Apply,DefaultJob,False,Default,Default,Default,Default,Default,Default,1111,Empty,RyuJit,Default,X64,8c5e7fda-e8bf-4a96-9a85-a6e23a8c635c,.NET 10.0,False,True,False,True,Default,Default,False,False,False,Default,Default,Default,Default,Default,Default,Default,Default,Default,Default,Default,Default,Default,Default,Default,Default,16,Default,truncate-mutating,"2,452.69 ns",13.114 ns,12.267 ns,180.34,1.01,2.4948,0.0000,10433 B,434.71
LeanCorpus_Apply,DefaultJob,False,Default,Default,Default,Default,Default,Default,1111,Empty,RyuJit,Default,X64,8c5e7fda-e8bf-4a96-9a85-a6e23a8c635c,.NET 10.0,False,True,False,True,Default,Default,False,False,False,Default,Default,Default,Default,Default,Default,Default,Default,Default,Default,Default,Default,Default,Default,Default,Default,16,Default,truncate-noop,15.43 ns,0.092 ns,0.086 ns,1.00,0.00,0.0057,0.0000,24 B,1.00
LuceneNet_Apply,DefaultJob,False,Default,Default,Default,Default,Default,Default,1111,Empty,RyuJit,Default,X64,8c5e7fda-e8bf-4a96-9a85-a6e23a8c635c,.NET 10.0,False,True,False,True,Default,Default,False,False,False,Default,Default,Default,Default,Default,Default,Default,Default,Default,Default,Default,Default,Default,Default,Default,Default,16,Default,truncate-noop,"2,438.13 ns",19.444 ns,18.188 ns,157.97,1.43,2.4948,0.0000,10433 B,434.71
LeanCorpus_Apply,DefaultJob,False,Default,Default,Default,Default,Default,Default,1111,Empty,RyuJit,Default,X64,8c5e7fda-e8bf-4a96-9a85-a6e23a8c635c,.NET 10.0,False,True,False,True,Default,Default,False,False,False,Default,Default,Default,Default,Default,Default,Default,Default,Default,Default,Default,Default,Default,Default,Default,Default,16,Default,unique-mutating,165.78 ns,0.743 ns,0.695 ns,1.00,0.00,0.0362,0.0000,152 B,1.00
LuceneNet_Apply,DefaultJob,False,Default,Default,Default,Default,Default,Default,1111,Empty,RyuJit,Default,X64,8c5e7fda-e8bf-4a96-9a85-a6e23a8c635c,.NET 10.0,False,True,False,True,Default,Default,False,False,False,Default,Default,Default,Default,Default,Default,Default,Default,Default,Default,Default,Default,Default,Default,Default,Default,16,Default,unique-mutating,"2,926.19 ns",13.653 ns,12.771 ns,17.65,0.10,2.6283,0.0000,11000 B,72.37
LeanCorpus_Apply,DefaultJob,False,Default,Default,Default,Default,Default,Default,1111,Empty,RyuJit,Default,X64,8c5e7fda-e8bf-4a96-9a85-a6e23a8c635c,.NET 10.0,False,True,False,True,Default,Default,False,False,False,Default,Default,Default,Default,Default,Default,Default,Default,Default,Default,Default,Default,Default,Default,Default,Default,16,Default,word-(...)ating [23],292.50 ns,3.236 ns,3.027 ns,1.00,0.00,0.1087,0.0000,456 B,1.00
LuceneNet_Apply,DefaultJob,False,Default,Default,Default,Default,Default,Default,1111,Empty,RyuJit,Default,X64,8c5e7fda-e8bf-4a96-9a85-a6e23a8c635c,.NET 10.0,False,True,False,True,Default,Default,False,False,False,Default,Default,Default,Default,Default,Default,Default,Default,Default,Default,Default,Default,Default,Default,Default,Default,16,Default,word-(...)ating [23],"8,576.75 ns",51.114 ns,47.812 ns,29.32,0.33,3.7842,0.0000,15880 B,34.82
