Method,Job,AnalyzeLaunchVariance,EvaluateOverhead,MaxAbsoluteError,MaxRelativeError,MinInvokeCount,MinIterationTime,OutlierMode,Affinity,EnvironmentVariables,Jit,LargeAddressAware,Platform,PowerPlanMode,Runtime,AllowVeryLargeObjects,Concurrent,CpuGroups,Force,HeapAffinitizeMask,HeapCount,NoAffinitize,RetainVm,Server,Arguments,BuildConfiguration,Clock,EngineFactory,Toolchain,IsMutator,InvocationCount,IterationCount,IterationTime,LaunchCount,MaxIterationCount,MaxWarmupIterationCount,MemoryRandomization,MinIterationCount,MinWarmupIterationCount,RunStrategy,UnrollFactor,WarmupCount,Dimension,Quantisation,Mean,Error,StdDev,Ratio,RatioSD,Gen0,Allocated,Alloc Ratio
'HNSW search',DefaultJob,False,Default,Default,Default,Default,Default,Default,1111,Empty,RyuJit,Default,X64,8c5e7fda-e8bf-4a96-9a85-a6e23a8c635c,.NET 10.0,False,True,False,True,Default,Default,False,False,False,Default,Default,Default,Default,Default,Default,Default,Default,Default,Default,Default,Default,Default,Default,Default,Default,16,Default,64,None,2.291 ms,0.0412 ms,0.0385 ms,1.00,0.00,7.8125,39.98 KB,1.00
'Lucene.NET flat scan',DefaultJob,False,Default,Default,Default,Default,Default,Default,1111,Empty,RyuJit,Default,X64,8c5e7fda-e8bf-4a96-9a85-a6e23a8c635c,.NET 10.0,False,True,False,True,Default,Default,False,False,False,Default,Default,Default,Default,Default,Default,Default,Default,Default,Default,Default,Default,Default,Default,Default,Default,16,Default,64,None,250.980 ms,1.6872 ms,1.4089 ms,109.59,1.85,21000.0000,86718.85 KB,"2,169.08"
'HNSW search',DefaultJob,False,Default,Default,Default,Default,Default,Default,1111,Empty,RyuJit,Default,X64,8c5e7fda-e8bf-4a96-9a85-a6e23a8c635c,.NET 10.0,False,True,False,True,Default,Default,False,False,False,Default,Default,Default,Default,Default,Default,Default,Default,Default,Default,Default,Default,Default,Default,Default,Default,16,Default,64,Int8,2.739 ms,0.0253 ms,0.0224 ms,1.00,0.00,7.8125,39.82 KB,1.00
'Lucene.NET flat scan',DefaultJob,False,Default,Default,Default,Default,Default,Default,1111,Empty,RyuJit,Default,X64,8c5e7fda-e8bf-4a96-9a85-a6e23a8c635c,.NET 10.0,False,True,False,True,Default,Default,False,False,False,Default,Default,Default,Default,Default,Default,Default,Default,Default,Default,Default,Default,Default,Default,Default,Default,16,Default,64,Int8,252.812 ms,1.7222 ms,1.6110 ms,92.31,0.93,21000.0000,86718.85 KB,"2,177.59"
'HNSW search',DefaultJob,False,Default,Default,Default,Default,Default,Default,1111,Empty,RyuJit,Default,X64,8c5e7fda-e8bf-4a96-9a85-a6e23a8c635c,.NET 10.0,False,True,False,True,Default,Default,False,False,False,Default,Default,Default,Default,Default,Default,Default,Default,Default,Default,Default,Default,Default,Default,Default,Default,16,Default,64,BBQ,3.720 ms,0.0177 ms,0.0165 ms,1.00,0.00,7.8125,43.17 KB,1.00
'Lucene.NET flat scan',DefaultJob,False,Default,Default,Default,Default,Default,Default,1111,Empty,RyuJit,Default,X64,8c5e7fda-e8bf-4a96-9a85-a6e23a8c635c,.NET 10.0,False,True,False,True,Default,Default,False,False,False,Default,Default,Default,Default,Default,Default,Default,Default,Default,Default,Default,Default,Default,Default,Default,Default,16,Default,64,BBQ,256.158 ms,1.9688 ms,1.8416 ms,68.87,0.56,21000.0000,86718.85 KB,"2,008.92"
'HNSW search',DefaultJob,False,Default,Default,Default,Default,Default,Default,1111,Empty,RyuJit,Default,X64,8c5e7fda-e8bf-4a96-9a85-a6e23a8c635c,.NET 10.0,False,True,False,True,Default,Default,False,False,False,Default,Default,Default,Default,Default,Default,Default,Default,Default,Default,Default,Default,Default,Default,Default,Default,16,Default,64,Int4,4.893 ms,0.0294 ms,0.0275 ms,1.00,0.00,1171.8750,4807.85 KB,1.00
'Lucene.NET flat scan',DefaultJob,False,Default,Default,Default,Default,Default,Default,1111,Empty,RyuJit,Default,X64,8c5e7fda-e8bf-4a96-9a85-a6e23a8c635c,.NET 10.0,False,True,False,True,Default,Default,False,False,False,Default,Default,Default,Default,Default,Default,Default,Default,Default,Default,Default,Default,Default,Default,Default,Default,16,Default,64,Int4,252.711 ms,1.8757 ms,1.7545 ms,51.65,0.45,21000.0000,86718.85 KB,18.04
'HNSW search',DefaultJob,False,Default,Default,Default,Default,Default,Default,1111,Empty,RyuJit,Default,X64,8c5e7fda-e8bf-4a96-9a85-a6e23a8c635c,.NET 10.0,False,True,False,True,Default,Default,False,False,False,Default,Default,Default,Default,Default,Default,Default,Default,Default,Default,Default,Default,Default,Default,Default,Default,16,Default,64,ProductQuantisation,1.619 ms,0.0047 ms,0.0044 ms,1.00,0.00,29.2969,120.36 KB,1.00
'Lucene.NET flat scan',DefaultJob,False,Default,Default,Default,Default,Default,Default,1111,Empty,RyuJit,Default,X64,8c5e7fda-e8bf-4a96-9a85-a6e23a8c635c,.NET 10.0,False,True,False,True,Default,Default,False,False,False,Default,Default,Default,Default,Default,Default,Default,Default,Default,Default,Default,Default,Default,Default,Default,Default,16,Default,64,ProductQuantisation,250.780 ms,1.5391 ms,1.3644 ms,154.88,0.91,21000.0000,86718.85 KB,720.50
'HNSW search',DefaultJob,False,Default,Default,Default,Default,Default,Default,1111,Empty,RyuJit,Default,X64,8c5e7fda-e8bf-4a96-9a85-a6e23a8c635c,.NET 10.0,False,True,False,True,Default,Default,False,False,False,Default,Default,Default,Default,Default,Default,Default,Default,Default,Default,Default,Default,Default,Default,Default,Default,16,Default,128,None,4.095 ms,0.0346 ms,0.0324 ms,1.00,0.00,7.8125,45.98 KB,1.00
'Lucene.NET flat scan',DefaultJob,False,Default,Default,Default,Default,Default,Default,1111,Empty,RyuJit,Default,X64,8c5e7fda-e8bf-4a96-9a85-a6e23a8c635c,.NET 10.0,False,True,False,True,Default,Default,False,False,False,Default,Default,Default,Default,Default,Default,Default,Default,Default,Default,Default,Default,Default,Default,Default,Default,16,Default,128,None,244.316 ms,1.3294 ms,1.2435 ms,59.66,0.54,33333.3333,136718.85 KB,"2,973.41"
'HNSW search',DefaultJob,False,Default,Default,Default,Default,Default,Default,1111,Empty,RyuJit,Default,X64,8c5e7fda-e8bf-4a96-9a85-a6e23a8c635c,.NET 10.0,False,True,False,True,Default,Default,False,False,False,Default,Default,Default,Default,Default,Default,Default,Default,Default,Default,Default,Default,Default,Default,Default,Default,16,Default,128,Int8,4.535 ms,0.0326 ms,0.0305 ms,1.00,0.00,7.8125,45.26 KB,1.00
'Lucene.NET flat scan',DefaultJob,False,Default,Default,Default,Default,Default,Default,1111,Empty,RyuJit,Default,X64,8c5e7fda-e8bf-4a96-9a85-a6e23a8c635c,.NET 10.0,False,True,False,True,Default,Default,False,False,False,Default,Default,Default,Default,Default,Default,Default,Default,Default,Default,Default,Default,Default,Default,Default,Default,16,Default,128,Int8,222.937 ms,1.9452 ms,1.8195 ms,49.16,0.50,33333.3333,136718.85 KB,"3,020.63"
'HNSW search',DefaultJob,False,Default,Default,Default,Default,Default,Default,1111,Empty,RyuJit,Default,X64,8c5e7fda-e8bf-4a96-9a85-a6e23a8c635c,.NET 10.0,False,True,False,True,Default,Default,False,False,False,Default,Default,Default,Default,Default,Default,Default,Default,Default,Default,Default,Default,Default,Default,Default,Default,16,Default,128,BBQ,5.647 ms,0.0499 ms,0.0467 ms,1.00,0.00,7.8125,46.95 KB,1.00
'Lucene.NET flat scan',DefaultJob,False,Default,Default,Default,Default,Default,Default,1111,Empty,RyuJit,Default,X64,8c5e7fda-e8bf-4a96-9a85-a6e23a8c635c,.NET 10.0,False,True,False,True,Default,Default,False,False,False,Default,Default,Default,Default,Default,Default,Default,Default,Default,Default,Default,Default,Default,Default,Default,Default,16,Default,128,BBQ,224.089 ms,1.4155 ms,1.3240 ms,39.69,0.39,33333.3333,136718.85 KB,"2,912.06"
'HNSW search',DefaultJob,False,Default,Default,Default,Default,Default,Default,1111,Empty,RyuJit,Default,X64,8c5e7fda-e8bf-4a96-9a85-a6e23a8c635c,.NET 10.0,False,True,False,True,Default,Default,False,False,False,Default,Default,Default,Default,Default,Default,Default,Default,Default,Default,Default,Default,Default,Default,Default,Default,16,Default,128,Int4,8.450 ms,0.0673 ms,0.0597 ms,1.00,0.00,2406.2500,9884.3 KB,1.00
'Lucene.NET flat scan',DefaultJob,False,Default,Default,Default,Default,Default,Default,1111,Empty,RyuJit,Default,X64,8c5e7fda-e8bf-4a96-9a85-a6e23a8c635c,.NET 10.0,False,True,False,True,Default,Default,False,False,False,Default,Default,Default,Default,Default,Default,Default,Default,Default,Default,Default,Default,Default,Default,Default,Default,16,Default,128,Int4,229.252 ms,1.1291 ms,1.0562 ms,27.13,0.22,33333.3333,136718.85 KB,13.83
'HNSW search',DefaultJob,False,Default,Default,Default,Default,Default,Default,1111,Empty,RyuJit,Default,X64,8c5e7fda-e8bf-4a96-9a85-a6e23a8c635c,.NET 10.0,False,True,False,True,Default,Default,False,False,False,Default,Default,Default,Default,Default,Default,Default,Default,Default,Default,Default,Default,Default,Default,Default,Default,16,Default,128,ProductQuantisation,2.259 ms,0.0101 ms,0.0094 ms,1.00,0.00,46.8750,206.11 KB,1.00
'Lucene.NET flat scan',DefaultJob,False,Default,Default,Default,Default,Default,Default,1111,Empty,RyuJit,Default,X64,8c5e7fda-e8bf-4a96-9a85-a6e23a8c635c,.NET 10.0,False,True,False,True,Default,Default,False,False,False,Default,Default,Default,Default,Default,Default,Default,Default,Default,Default,Default,Default,Default,Default,Default,Default,16,Default,128,ProductQuantisation,223.674 ms,1.4512 ms,1.3575 ms,99.01,0.71,33333.3333,136718.85 KB,663.32
