Method,Job,AnalyzeLaunchVariance,EvaluateOverhead,MaxAbsoluteError,MaxRelativeError,MinInvokeCount,MinIterationTime,OutlierMode,Affinity,EnvironmentVariables,Jit,LargeAddressAware,Platform,PowerPlanMode,Runtime,AllowVeryLargeObjects,Concurrent,CpuGroups,Force,HeapAffinitizeMask,HeapCount,NoAffinitize,RetainVm,Server,Arguments,BuildConfiguration,Clock,EngineFactory,Toolchain,IsMutator,InvocationCount,IterationCount,IterationTime,LaunchCount,MaxIterationCount,MaxWarmupIterationCount,MemoryRandomization,MinIterationCount,MinWarmupIterationCount,RunStrategy,UnrollFactor,WarmupCount,Dimension,FilterPercentage,Mean,Error,StdDev,Ratio,RatioSD,Gen0,Gen1,Gen2,Allocated,Alloc Ratio
'Filtered exact scan',DefaultJob,False,Default,Default,Default,Default,Default,Default,1111,Empty,RyuJit,Default,X64,8c5e7fda-e8bf-4a96-9a85-a6e23a8c635c,.NET 10.0,False,True,False,True,Default,Default,False,False,False,Default,Default,Default,Default,Default,Default,Default,Default,Default,Default,Default,Default,Default,Default,Default,Default,16,Default,64,1,2.404 ms,0.0095 ms,0.0074 ms,1.00,0.00,0.0000,0.0000,0.0000,8.41 KB,1.00
'Filtered HNSW planner',DefaultJob,False,Default,Default,Default,Default,Default,Default,1111,Empty,RyuJit,Default,X64,8c5e7fda-e8bf-4a96-9a85-a6e23a8c635c,.NET 10.0,False,True,False,True,Default,Default,False,False,False,Default,Default,Default,Default,Default,Default,Default,Default,Default,Default,Default,Default,Default,Default,Default,Default,16,Default,64,1,2.404 ms,0.0167 ms,0.0156 ms,1.00,0.01,0.0000,0.0000,0.0000,8.41 KB,1.00
'Full-vector HNSW',DefaultJob,False,Default,Default,Default,Default,Default,Default,1111,Empty,RyuJit,Default,X64,8c5e7fda-e8bf-4a96-9a85-a6e23a8c635c,.NET 10.0,False,True,False,True,Default,Default,False,False,False,Default,Default,Default,Default,Default,Default,Default,Default,Default,Default,Default,Default,Default,Default,Default,Default,16,Default,64,1,2.275 ms,0.0356 ms,0.0333 ms,0.95,0.01,7.8125,0.0000,0.0000,39.64 KB,4.72
'Sparse+dense fusion',DefaultJob,False,Default,Default,Default,Default,Default,Default,1111,Empty,RyuJit,Default,X64,8c5e7fda-e8bf-4a96-9a85-a6e23a8c635c,.NET 10.0,False,True,False,True,Default,Default,False,False,False,Default,Default,Default,Default,Default,Default,Default,Default,Default,Default,Default,Default,Default,Default,Default,Default,16,Default,64,1,9.434 ms,0.0756 ms,0.0670 ms,3.92,0.03,796.8750,0.0000,0.0000,3275.96 KB,389.66
'Sparse-seeded dense fusion',DefaultJob,False,Default,Default,Default,Default,Default,Default,1111,Empty,RyuJit,Default,X64,8c5e7fda-e8bf-4a96-9a85-a6e23a8c635c,.NET 10.0,False,True,False,True,Default,Default,False,False,False,Default,Default,Default,Default,Default,Default,Default,Default,Default,Default,Default,Default,Default,Default,Default,Default,16,Default,64,1,9.491 ms,0.0774 ms,0.0724 ms,3.95,0.03,796.8750,0.0000,0.0000,3288.82 KB,391.19
'Matryoshka prefix rerank',DefaultJob,False,Default,Default,Default,Default,Default,Default,1111,Empty,RyuJit,Default,X64,8c5e7fda-e8bf-4a96-9a85-a6e23a8c635c,.NET 10.0,False,True,False,True,Default,Default,False,False,False,Default,Default,Default,Default,Default,Default,Default,Default,Default,Default,Default,Default,Default,Default,Default,Default,16,Default,64,1,26.542 ms,0.1449 ms,0.1356 ms,11.04,0.06,7093.7500,312.5000,62.5000,30024.49 KB,"3,571.27"
'Filtered exact scan',DefaultJob,False,Default,Default,Default,Default,Default,Default,1111,Empty,RyuJit,Default,X64,8c5e7fda-e8bf-4a96-9a85-a6e23a8c635c,.NET 10.0,False,True,False,True,Default,Default,False,False,False,Default,Default,Default,Default,Default,Default,Default,Default,Default,Default,Default,Default,Default,Default,Default,Default,16,Default,64,10,3.583 ms,0.0200 ms,0.0187 ms,1.00,0.00,0.0000,0.0000,0.0000,8.41 KB,1.00
'Filtered HNSW planner',DefaultJob,False,Default,Default,Default,Default,Default,Default,1111,Empty,RyuJit,Default,X64,8c5e7fda-e8bf-4a96-9a85-a6e23a8c635c,.NET 10.0,False,True,False,True,Default,Default,False,False,False,Default,Default,Default,Default,Default,Default,Default,Default,Default,Default,Default,Default,Default,Default,Default,Default,16,Default,64,10,3.585 ms,0.0222 ms,0.0207 ms,1.00,0.01,0.0000,0.0000,0.0000,8.41 KB,1.00
'Full-vector HNSW',DefaultJob,False,Default,Default,Default,Default,Default,Default,1111,Empty,RyuJit,Default,X64,8c5e7fda-e8bf-4a96-9a85-a6e23a8c635c,.NET 10.0,False,True,False,True,Default,Default,False,False,False,Default,Default,Default,Default,Default,Default,Default,Default,Default,Default,Default,Default,Default,Default,Default,Default,16,Default,64,10,2.285 ms,0.0156 ms,0.0138 ms,0.64,0.00,7.8125,0.0000,0.0000,39.64 KB,4.72
'Sparse+dense fusion',DefaultJob,False,Default,Default,Default,Default,Default,Default,1111,Empty,RyuJit,Default,X64,8c5e7fda-e8bf-4a96-9a85-a6e23a8c635c,.NET 10.0,False,True,False,True,Default,Default,False,False,False,Default,Default,Default,Default,Default,Default,Default,Default,Default,Default,Default,Default,Default,Default,Default,Default,16,Default,64,10,9.247 ms,0.0472 ms,0.0419 ms,2.58,0.02,765.6250,0.0000,0.0000,3188.47 KB,379.25
'Sparse-seeded dense fusion',DefaultJob,False,Default,Default,Default,Default,Default,Default,1111,Empty,RyuJit,Default,X64,8c5e7fda-e8bf-4a96-9a85-a6e23a8c635c,.NET 10.0,False,True,False,True,Default,Default,False,False,False,Default,Default,Default,Default,Default,Default,Default,Default,Default,Default,Default,Default,Default,Default,Default,Default,16,Default,64,10,9.356 ms,0.0607 ms,0.0568 ms,2.61,0.02,781.2500,0.0000,0.0000,3201.35 KB,380.79
'Matryoshka prefix rerank',DefaultJob,False,Default,Default,Default,Default,Default,Default,1111,Empty,RyuJit,Default,X64,8c5e7fda-e8bf-4a96-9a85-a6e23a8c635c,.NET 10.0,False,True,False,True,Default,Default,False,False,False,Default,Default,Default,Default,Default,Default,Default,Default,Default,Default,Default,Default,Default,Default,Default,Default,16,Default,64,10,26.192 ms,0.0860 ms,0.0805 ms,7.31,0.04,7093.7500,312.5000,62.5000,30024.44 KB,"3,571.27"
'Filtered exact scan',DefaultJob,False,Default,Default,Default,Default,Default,Default,1111,Empty,RyuJit,Default,X64,8c5e7fda-e8bf-4a96-9a85-a6e23a8c635c,.NET 10.0,False,True,False,True,Default,Default,False,False,False,Default,Default,Default,Default,Default,Default,Default,Default,Default,Default,Default,Default,Default,Default,Default,Default,16,Default,128,1,2.463 ms,0.0128 ms,0.0120 ms,1.00,0.00,0.0000,0.0000,0.0000,13.41 KB,1.00
'Filtered HNSW planner',DefaultJob,False,Default,Default,Default,Default,Default,Default,1111,Empty,RyuJit,Default,X64,8c5e7fda-e8bf-4a96-9a85-a6e23a8c635c,.NET 10.0,False,True,False,True,Default,Default,False,False,False,Default,Default,Default,Default,Default,Default,Default,Default,Default,Default,Default,Default,Default,Default,Default,Default,16,Default,128,1,2.427 ms,0.0164 ms,0.0153 ms,0.99,0.01,0.0000,0.0000,0.0000,13.41 KB,1.00
'Full-vector HNSW',DefaultJob,False,Default,Default,Default,Default,Default,Default,1111,Empty,RyuJit,Default,X64,8c5e7fda-e8bf-4a96-9a85-a6e23a8c635c,.NET 10.0,False,True,False,True,Default,Default,False,False,False,Default,Default,Default,Default,Default,Default,Default,Default,Default,Default,Default,Default,Default,Default,Default,Default,16,Default,128,1,4.113 ms,0.0394 ms,0.0350 ms,1.67,0.02,7.8125,0.0000,0.0000,45.58 KB,3.40
'Sparse+dense fusion',DefaultJob,False,Default,Default,Default,Default,Default,Default,1111,Empty,RyuJit,Default,X64,8c5e7fda-e8bf-4a96-9a85-a6e23a8c635c,.NET 10.0,False,True,False,True,Default,Default,False,False,False,Default,Default,Default,Default,Default,Default,Default,Default,Default,Default,Default,Default,Default,Default,Default,Default,16,Default,128,1,10.957 ms,0.0720 ms,0.0638 ms,4.45,0.03,796.8750,0.0000,0.0000,3281.89 KB,244.79
'Sparse-seeded dense fusion',DefaultJob,False,Default,Default,Default,Default,Default,Default,1111,Empty,RyuJit,Default,X64,8c5e7fda-e8bf-4a96-9a85-a6e23a8c635c,.NET 10.0,False,True,False,True,Default,Default,False,False,False,Default,Default,Default,Default,Default,Default,Default,Default,Default,Default,Default,Default,Default,Default,Default,Default,16,Default,128,1,10.972 ms,0.1060 ms,0.0992 ms,4.45,0.04,796.8750,0.0000,0.0000,3303.01 KB,246.36
'Matryoshka prefix rerank',DefaultJob,False,Default,Default,Default,Default,Default,Default,1111,Empty,RyuJit,Default,X64,8c5e7fda-e8bf-4a96-9a85-a6e23a8c635c,.NET 10.0,False,True,False,True,Default,Default,False,False,False,Default,Default,Default,Default,Default,Default,Default,Default,Default,Default,Default,Default,Default,Default,Default,Default,16,Default,128,1,30.626 ms,0.1257 ms,0.1114 ms,12.43,0.07,13250.0000,1406.2500,93.7500,55129.01 KB,"4,111.89"
'Filtered exact scan',DefaultJob,False,Default,Default,Default,Default,Default,Default,1111,Empty,RyuJit,Default,X64,8c5e7fda-e8bf-4a96-9a85-a6e23a8c635c,.NET 10.0,False,True,False,True,Default,Default,False,False,False,Default,Default,Default,Default,Default,Default,Default,Default,Default,Default,Default,Default,Default,Default,Default,Default,16,Default,128,10,3.892 ms,0.0298 ms,0.0279 ms,1.00,0.00,0.0000,0.0000,0.0000,13.41 KB,1.00
'Filtered HNSW planner',DefaultJob,False,Default,Default,Default,Default,Default,Default,1111,Empty,RyuJit,Default,X64,8c5e7fda-e8bf-4a96-9a85-a6e23a8c635c,.NET 10.0,False,True,False,True,Default,Default,False,False,False,Default,Default,Default,Default,Default,Default,Default,Default,Default,Default,Default,Default,Default,Default,Default,Default,16,Default,128,10,3.854 ms,0.0229 ms,0.0214 ms,0.99,0.01,0.0000,0.0000,0.0000,13.41 KB,1.00
'Full-vector HNSW',DefaultJob,False,Default,Default,Default,Default,Default,Default,1111,Empty,RyuJit,Default,X64,8c5e7fda-e8bf-4a96-9a85-a6e23a8c635c,.NET 10.0,False,True,False,True,Default,Default,False,False,False,Default,Default,Default,Default,Default,Default,Default,Default,Default,Default,Default,Default,Default,Default,Default,Default,16,Default,128,10,4.090 ms,0.0325 ms,0.0288 ms,1.05,0.01,7.8125,0.0000,0.0000,45.58 KB,3.40
'Sparse+dense fusion',DefaultJob,False,Default,Default,Default,Default,Default,Default,1111,Empty,RyuJit,Default,X64,8c5e7fda-e8bf-4a96-9a85-a6e23a8c635c,.NET 10.0,False,True,False,True,Default,Default,False,False,False,Default,Default,Default,Default,Default,Default,Default,Default,Default,Default,Default,Default,Default,Default,Default,Default,16,Default,128,10,11.734 ms,0.0397 ms,0.0372 ms,3.01,0.02,781.2500,0.0000,0.0000,3194.42 KB,238.24
'Sparse-seeded dense fusion',DefaultJob,False,Default,Default,Default,Default,Default,Default,1111,Empty,RyuJit,Default,X64,8c5e7fda-e8bf-4a96-9a85-a6e23a8c635c,.NET 10.0,False,True,False,True,Default,Default,False,False,False,Default,Default,Default,Default,Default,Default,Default,Default,Default,Default,Default,Default,Default,Default,Default,Default,16,Default,128,10,10.849 ms,0.0670 ms,0.0594 ms,2.79,0.02,781.2500,0.0000,0.0000,3215.54 KB,239.82
'Matryoshka prefix rerank',DefaultJob,False,Default,Default,Default,Default,Default,Default,1111,Empty,RyuJit,Default,X64,8c5e7fda-e8bf-4a96-9a85-a6e23a8c635c,.NET 10.0,False,True,False,True,Default,Default,False,False,False,Default,Default,Default,Default,Default,Default,Default,Default,Default,Default,Default,Default,Default,Default,Default,Default,16,Default,128,10,31.089 ms,0.1977 ms,0.1651 ms,7.99,0.07,13250.0000,1406.2500,93.7500,55129.01 KB,"4,111.59"
